{
    "$schema": "https://schema.management.azure.com/schemas/2015-01-01/deploymentParameters.json#",
    "contentVersion": "1.0.0.0",
    "parameters": {
        "vulnerabilityAssessments_Default_storageContainerPath": {
            "value": null
        },
        "sites_Busbookingg_name": {
            "value": null
        },
        "servers_busboooking_name": {
            "value": null
        },
        "components_Busbookingg_name": {
            "value": null
        },
        "serverfarms_ASP_Busbooking_87e5_name": {
            "value": null
        },
        "actionGroups_Application_Insights_Smart_Detection_name": {
            "value": null
        },
        "smartdetectoralertrules_failure_anomalies___busbookingg_name": {
            "value": null
        },
        "workspaces_DefaultWorkspace_93056251_a40a_418b_b5cc_34fe0963d092_CID_externalid": {
            "value": null
        }
    }
}